{
    "architecture_name": "opensky_2025",
    "model_params": [
        3,
        2,
        48
    ],
    "step": 4,
    "shift": 60,
    "lr": 0.001,
    "seq_len": 60,
    "batch_size": 512,
    "stats_dict": {
        "dist_m": {
            "mean": 1179444.4883564557,
            "std": 1773058.696153449,
            "max": 6882769.839999992
        },
        "alt_std_m": {
            "mean": 8968.038248505263,
            "std": 2837.7551746618797,
            "max": 11871.9599609375
        },
        "gamma_rad": {
            "mean": -2.5691332007683968e-05,
            "std": 0.027330312600836137,
            "max": 0.11468327019363592
        },
        "tas_ms": {
            "mean": 215.925054025121,
            "std": 32.374330375440024,
            "max": 245.63867210388185
        },
        "alt_sel_m": {
            "mean": 9143.46402356475,
            "std": 2802.5883993261564,
            "max": 11887.2001953125
        },
        "mach_sel": {
            "mean": 0.44702124704381097,
            "std": 0.38205030027145936,
            "max": 0.8013827800750732
        },
        "cas_sel_ms": {
            "mean": 33.60350862934088,
            "std": 60.008302297591264,
            "max": 167.09890747070312
        },
        "vz_sel_ms": {
            "mean": -0.1527397518525536,
            "std": 1.1504413649721354,
            "max": 9.12647819519043
        },
        "long_wind_ms": {
            "mean": 0.8069056807575667,
            "std": 16.841788713612576,
            "max": 54.438931579589735
        },
        "adep_dist_m": {
            "mean": 1056548.465326605,
            "std": 852527.4568078262,
            "max": 4058982.1887499793
        },
        "ades_dist_m": {
            "mean": 1013027.4607219052,
            "std": 838595.9337280497,
            "max": 3979644.076249998
        },
        "temp_k": {
            "mean": 232.42967478196326,
            "std": 20.02917172067592,
            "max": 292.1378482055664
        },
        "vz_ms": {
            "mean": 0.042223678309025466,
            "std": 4.762606108451843,
            "max": 16.906240463256836
        },
        "mach": {
            "mean": 0.7117941303416409,
            "std": 0.12340439937773139,
            "max": 0.8069751262664795
        },
        "gs_ms": {
            "mean": 215.11814832829785,
            "std": 36.41615817255053,
            "max": 279.26983642578125
        },
        "cas_ms": {
            "mean": 136.35248215202662,
            "std": 11.695769027802054,
            "max": 170.42436386108395
        },
        "alt_diff_sel_m": {
            "mean": 175.42577424359817,
            "std": 1913.221591526189,
            "max": 9151.6201171875
        },
        "deriv_dist_ms": {
            "mean": 857.6746120568637,
            "std": 205.4723308066892,
            "max": 1386.6013531494132
        },
        "deriv_alt_std_ms": {
            "mean": 0.11335978199302525,
            "std": 36.432702738879485,
            "max": 144.77999877929688
        },
        "deriv_gamma_rads": {
            "mean": -7.71848478543073e-05,
            "std": 0.0030703992584411965,
            "max": 0.01767411299981176
        },
        "deriv_tas_ms2": {
            "mean": -0.0004143803016655388,
            "std": 0.5368638551566652,
            "max": 2.5451288402080534
        }
    }
}