{
    "architecture_name": "opensky_2025",
    "model_params": [
        3,
        2,
        48
    ],
    "step": 4,
    "shift": 60,
    "lr": 0.001,
    "seq_len": 60,
    "batch_size": 512,
    "stats_dict": {
        "dist_m": {
            "mean": 832994.6662669023,
            "std": 1153087.518656564,
            "max": 5324004.81
        },
        "alt_std_m": {
            "mean": 8790.534838575317,
            "std": 3344.8170679540503,
            "max": 12496.7998046875
        },
        "gamma_rad": {
            "mean": -0.0004727230499142278,
            "std": 0.03467763799372828,
            "max": 0.13194821804761883
        },
        "tas_ms": {
            "mean": 209.28989619861727,
            "std": 35.97325872072899,
            "max": 244.7345464324951
        },
        "alt_sel_m": {
            "mean": 8820.469037912815,
            "std": 3474.50060257363,
            "max": 12496.7998046875
        },
        "mach_sel": {
            "mean": 0.4276461799144918,
            "std": 0.3825759667199095,
            "max": 0.7975202798843384
        },
        "cas_sel_ms": {
            "mean": 30.442828536363542,
            "std": 57.67922716057084,
            "max": 164.0314178466797
        },
        "vz_sel_ms": {
            "mean": -0.4523868833776418,
            "std": 1.9950192667426216,
            "max": 11.151870727539062
        },
        "long_wind_ms": {
            "mean": 1.3858524740251346,
            "std": 16.892640568892045,
            "max": 57.359538555145235
        },
        "adep_dist_m": {
            "mean": 738120.0917957075,
            "std": 608575.2879275548,
            "max": 2907449.5874999985
        },
        "ades_dist_m": {
            "mean": 693330.8249462951,
            "std": 608114.706600391,
            "max": 2903404.3662499995
        },
        "temp_k": {
            "mean": 234.8926037530333,
            "std": 22.553943209895035,
            "max": 292.99615478515625
        },
        "vz_ms": {
            "mean": -0.0035830047432255504,
            "std": 6.05405561906999,
            "max": 19.073707580566406
        },
        "mach": {
            "mean": 0.6878365421919704,
            "std": 0.1376488087246302,
            "max": 0.8040803575515747
        },
        "gs_ms": {
            "mean": 207.90404370720987,
            "std": 39.034710026030154,
            "max": 277.79998779296875
        },
        "cas_ms": {
            "mean": 132.14102146538636,
            "std": 13.08981848604937,
            "max": 166.7563780212402
        },
        "alt_diff_sel_m": {
            "mean": 29.93419769287327,
            "std": 2414.17268834114,
            "max": 9753.599609375
        },
        "deriv_dist_ms": {
            "mean": 829.4756615555616,
            "std": 206.5964308495861,
            "max": 1354.952736816406
        },
        "deriv_alt_std_ms": {
            "mean": -0.10100474581081915,
            "std": 44.82745574740275,
            "max": 190.5
        },
        "deriv_gamma_rads": {
            "mean": -0.00011137371460967702,
            "std": 0.004207768496340538,
            "max": 0.02430181371048091
        },
        "deriv_tas_ms2": {
            "mean": -0.004925617364576752,
            "std": 0.6498115334437237,
            "max": 3.023001461029051
        }
    }
}