{
    "architecture_name": "opensky_2025",
    "model_params": [
        3,
        2,
        48
    ],
    "step": 4,
    "shift": 60,
    "lr": 0.001,
    "seq_len": 60,
    "batch_size": 512,
    "stats_dict": {
        "dist_m": {
            "mean": 571822.882577535,
            "std": 949698.3267122613,
            "max": 4888720.319999995
        },
        "alt_std_m": {
            "mean": 7763.515010382779,
            "std": 3559.0654830016806,
            "max": 12496.7998046875
        },
        "gamma_rad": {
            "mean": -0.00029039487806898777,
            "std": 0.040585512409894026,
            "max": 0.14881841756403444
        },
        "tas_ms": {
            "mean": 200.11159832433077,
            "std": 39.85385856799285,
            "max": 242.72667572021484
        },
        "alt_sel_m": {
            "mean": 7750.461769597791,
            "std": 3712.168893337796,
            "max": 12496.7998046875
        },
        "mach_sel": {
            "mean": 0.25883072771007337,
            "std": 0.3645397136833303,
            "max": 0.8003450632095337
        },
        "cas_sel_ms": {
            "mean": 52.319163069477945,
            "std": 67.09867201133103,
            "max": 156.50241088867188
        },
        "vz_sel_ms": {
            "mean": -0.8249669039705407,
            "std": 2.5740136945776686,
            "max": 12.543139457702637
        },
        "long_wind_ms": {
            "mean": 1.1810829954589828,
            "std": 15.633839337398557,
            "max": 52.232988853454586
        },
        "adep_dist_m": {
            "mean": 473234.4701512936,
            "std": 387329.0162215229,
            "max": 1845871.8581249996
        },
        "ades_dist_m": {
            "mean": 441692.74797015626,
            "std": 385976.63407155586,
            "max": 1827606.3031249999
        },
        "temp_k": {
            "mean": 239.81955144740624,
            "std": 22.91721339628482,
            "max": 289.5740299987793
        },
        "vz_ms": {
            "mean": -0.10137295962179657,
            "std": 6.7291585184279095,
            "max": 18.965333938598633
        },
        "mach": {
            "mean": 0.6519340583089891,
            "std": 0.15086849020573023,
            "max": 0.8045819166302681
        },
        "gs_ms": {
            "mean": 198.93051531352256,
            "std": 42.49239155859954,
            "max": 273.1700134277344
        },
        "cas_ms": {
            "mean": 133.2256147073876,
            "std": 14.085677185919463,
            "max": 159.3011904144287
        },
        "alt_diff_sel_m": {
            "mean": -13.053250284952496,
            "std": 2130.631945864819,
            "max": 8947.103032226549
        },
        "deriv_dist_ms": {
            "mean": 793.224048326678,
            "std": 216.48935151105147,
            "max": 1340.0803796386717
        },
        "deriv_alt_std_ms": {
            "mean": -0.4845055524014993,
            "std": 46.770834935017135,
            "max": 205.74000549316406
        },
        "deriv_gamma_rads": {
            "mean": -0.00014715890674132137,
            "std": 0.0046223965811313245,
            "max": 0.024126115376129742
        },
        "deriv_tas_ms2": {
            "mean": -0.006083853721161991,
            "std": 0.7583099745919591,
            "max": 3.2637560999393442
        }
    }
}