{
    "architecture_name": "opensky_2025",
    "model_params": [
        3,
        2,
        48
    ],
    "step": 4,
    "shift": 60,
    "lr": 0.001,
    "seq_len": 60,
    "batch_size": 512,
    "stats_dict": {
        "dist_m": {
            "mean": 904736.2182111603,
            "std": 1149060.5994992575,
            "max": 7539215.044999977
        },
        "alt_std_m": {
            "mean": 8450.998161069416,
            "std": 3049.575159530641,
            "max": 11590.01953125
        },
        "gamma_rad": {
            "mean": -0.000571099465745573,
            "std": 0.03009519029529269,
            "max": 0.1140179200097915
        },
        "tas_ms": {
            "mean": 212.1152361164876,
            "std": 34.99342189210135,
            "max": 244.9623738098144
        },
        "alt_sel_m": {
            "mean": 8589.210424351135,
            "std": 3114.3211674394806,
            "max": 11887.2001953125
        },
        "mach_sel": {
            "mean": 0.40891604028210493,
            "std": 0.3857814834287876,
            "max": 0.8006303310394287
        },
        "cas_sel_ms": {
            "mean": 35.999766653967185,
            "std": 62.31585777089557,
            "max": 166.87680053710938
        },
        "vz_sel_ms": {
            "mean": -0.2109606198089946,
            "std": 1.353549417043708,
            "max": 10.015592575073242
        },
        "long_wind_ms": {
            "mean": 1.0298871929624756,
            "std": 16.097723457980965,
            "max": 51.96170221328731
        },
        "adep_dist_m": {
            "mean": 773779.9935926485,
            "std": 626606.0949530983,
            "max": 3087022.787499999
        },
        "ades_dist_m": {
            "mean": 735086.8244278448,
            "std": 624842.758458091,
            "max": 3040887.5162499994
        },
        "temp_k": {
            "mean": 235.5350696786549,
            "std": 21.281237310633966,
            "max": 292.93814392089837
        },
        "vz_ms": {
            "mean": -0.03416821744122754,
            "std": 5.235970560665122,
            "max": 16.906240463256836
        },
        "mach": {
            "mean": 0.6954966916074349,
            "std": 0.13316568810121973,
            "max": 0.8042832070589064
        },
        "gs_ms": {
            "mean": 211.08534891137765,
            "std": 38.2875237272652,
            "max": 278.314453125
        },
        "cas_ms": {
            "mean": 137.42337935227357,
            "std": 12.73916526778952,
            "max": 170.27888526916502
        },
        "alt_diff_sel_m": {
            "mean": 138.2122595731771,
            "std": 2158.3585994915557,
            "max": 9212.580078125
        },
        "deriv_dist_ms": {
            "mean": 841.9362627934983,
            "std": 209.35518364737047,
            "max": 1375.2196411132804
        },
        "deriv_alt_std_ms": {
            "mean": -0.19358070039765707,
            "std": 35.09781560912987,
            "max": 160.02000427246094
        },
        "deriv_gamma_rads": {
            "mean": -9.823183797015267e-05,
            "std": 0.0033246160056056243,
            "max": 0.018138608206063337
        },
        "deriv_tas_ms2": {
            "mean": -0.00686790376005858,
            "std": 0.6300152191734136,
            "max": 2.5314945220947234
        }
    }
}