{
    "architecture_name": "opensky_2025",
    "model_params": [
        3,
        2,
        48
    ],
    "step": 4,
    "shift": 60,
    "lr": 0.001,
    "seq_len": 60,
    "batch_size": 512,
    "stats_dict": {
        "dist_m": {
            "mean": 624222.6571515471,
            "std": 1028855.3367897235,
            "max": 6447762.567499988
        },
        "alt_std_m": {
            "mean": 8058.236859259205,
            "std": 3492.904934550329,
            "max": 11894.8203125
        },
        "gamma_rad": {
            "mean": -0.0005341365128761236,
            "std": 0.03948720221680988,
            "max": 0.1460178145021198
        },
        "tas_ms": {
            "mean": 201.0999829913191,
            "std": 38.009332063721175,
            "max": 244.03421325683587
        },
        "alt_sel_m": {
            "mean": 8053.782818208536,
            "std": 3588.5328214470587,
            "max": 11887.2001953125
        },
        "mach_sel": {
            "mean": 0.3188500689374712,
            "std": 0.37306662317522843,
            "max": 0.7993578910827637
        },
        "cas_sel_ms": {
            "mean": 37.836372269032,
            "std": 62.03210317780585,
            "max": 165.77877807617188
        },
        "vz_sel_ms": {
            "mean": -0.5561379401513648,
            "std": 2.0917181591659553,
            "max": 11.283056259155273
        },
        "long_wind_ms": {
            "mean": 0.9153379348151253,
            "std": 15.532185087894597,
            "max": 50.983867931365964
        },
        "adep_dist_m": {
            "mean": 502862.23659463477,
            "std": 398972.4861675505,
            "max": 1847010.665624999
        },
        "ades_dist_m": {
            "mean": 468928.5737767574,
            "std": 398197.0206026992,
            "max": 1829918.9193749991
        },
        "temp_k": {
            "mean": 238.17748041106498,
            "std": 23.141775313337245,
            "max": 291.91961746215816
        },
        "vz_ms": {
            "mean": -0.06858146431219667,
            "std": 6.7241690905256535,
            "max": 20.157440185546875
        },
        "mach": {
            "mean": 0.657037340128851,
            "std": 0.14431441723408933,
            "max": 0.803752780854702
        },
        "gs_ms": {
            "mean": 200.18464506060155,
            "std": 40.61519479113453,
            "max": 271.1122131347656
        },
        "cas_ms": {
            "mean": 132.04981270857814,
            "std": 14.89368328364439,
            "max": 170.87709457397452
        },
        "alt_diff_sel_m": {
            "mean": -4.454058814292516,
            "std": 2019.5687446458023,
            "max": 9144.0
        },
        "deriv_dist_ms": {
            "mean": 798.9940396220467,
            "std": 210.06308932255504,
            "max": 1321.3228900146482
        },
        "deriv_alt_std_ms": {
            "mean": -0.3086360352755116,
            "std": 49.94462893063286,
            "max": 205.74000549316406
        },
        "deriv_gamma_rads": {
            "mean": -0.0001479345095200359,
            "std": 0.003977069275607504,
            "max": 0.020372107066214055
        },
        "deriv_tas_ms2": {
            "mean": -0.005614890536598037,
            "std": 0.7808033587713392,
            "max": 2.9938652765750877
        }
    }
}