{
    "architecture_name": "opensky_2025",
    "model_params": [
        3,
        2,
        48
    ],
    "step": 4,
    "shift": 60,
    "lr": 0.001,
    "seq_len": 60,
    "batch_size": 512,
    "stats_dict": {
        "dist_m": {
            "mean": 1122949.4206433138,
            "std": 1605456.9490987915,
            "max": 8349853.012499915
        },
        "alt_std_m": {
            "mean": 9267.206505049822,
            "std": 3172.9881132432597,
            "max": 12496.7998046875
        },
        "gamma_rad": {
            "mean": -7.26097037880407e-05,
            "std": 0.029369613604792757,
            "max": 0.11270882625132714
        },
        "tas_ms": {
            "mean": 214.35551084917907,
            "std": 34.20656527717876,
            "max": 244.006508102417
        },
        "alt_sel_m": {
            "mean": 9370.967586017561,
            "std": 3185.573340433068,
            "max": 12496.7998046875
        },
        "mach_sel": {
            "mean": 0.48878658072617764,
            "std": 0.3781846171125905,
            "max": 0.8023837208747864
        },
        "cas_sel_ms": {
            "mean": 28.031213712028677,
            "std": 55.83045307480653,
            "max": 161.5679168701172
        },
        "vz_sel_ms": {
            "mean": -0.28153564686027505,
            "std": 1.7901377300380164,
            "max": 10.527976989746094
        },
        "long_wind_ms": {
            "mean": 0.34138901282990264,
            "std": 16.32730038916201,
            "max": 53.1775876045227
        },
        "adep_dist_m": {
            "mean": 979706.8604040983,
            "std": 803500.8681479376,
            "max": 4246231.917499963
        },
        "ades_dist_m": {
            "mean": 950639.0036165375,
            "std": 799720.8438807103,
            "max": 4118882.8224999984
        },
        "temp_k": {
            "mean": 231.30705134606967,
            "std": 21.172028244085098,
            "max": 292.772766418457
        },
        "vz_ms": {
            "mean": 0.028896231210304525,
            "std": 5.036973001812675,
            "max": 16.581119537353516
        },
        "mach": {
            "mean": 0.7092096285253506,
            "std": 0.1319338010352307,
            "max": 0.8087544754147529
        },
        "gs_ms": {
            "mean": 214.01412182673275,
            "std": 37.76236435292571,
            "max": 282.42999267578125
        },
        "cas_ms": {
            "mean": 132.3093772462519,
            "std": 10.939569347578091,
            "max": 164.63816337585445
        },
        "alt_diff_sel_m": {
            "mean": 103.76108315851333,
            "std": 2480.553463976945,
            "max": 10058.400390625
        },
        "deriv_dist_ms": {
            "mean": 853.8342302125463,
            "std": 205.11256691395565,
            "max": 1374.4460205078103
        },
        "deriv_alt_std_ms": {
            "mean": 0.06875629818334678,
            "std": 37.84896010772264,
            "max": 152.39999389648438
        },
        "deriv_gamma_rads": {
            "mean": -8.02891235241701e-05,
            "std": 0.0035907195855453427,
            "max": 0.021114375432953053
        },
        "deriv_tas_ms2": {
            "mean": -0.0006042273440719767,
            "std": 0.5928315027707868,
            "max": 2.5045741999149316
        }
    }
}