{
    "architecture_name": "opensky_2025",
    "model_params": [
        3,
        2,
        48
    ],
    "step": 4,
    "shift": 60,
    "lr": 0.001,
    "seq_len": 60,
    "batch_size": 512,
    "stats_dict": {
        "dist_m": {
            "mean": 869136.5243993411,
            "std": 1388152.5888214589,
            "max": 7441783.814999971
        },
        "alt_std_m": {
            "mean": 8625.067378992635,
            "std": 3245.1105885060824,
            "max": 11894.8203125
        },
        "gamma_rad": {
            "mean": -0.0002894488885021665,
            "std": 0.03310356331575196,
            "max": 0.13037355802953232
        },
        "tas_ms": {
            "mean": 210.68459719976372,
            "std": 35.63615101913827,
            "max": 245.80273506164548
        },
        "alt_sel_m": {
            "mean": 8717.30326376474,
            "std": 3303.6278385370583,
            "max": 11887.2001953125
        },
        "mach_sel": {
            "mean": 0.3841224797018037,
            "std": 0.3863010408358505,
            "max": 0.8020474314689636
        },
        "cas_sel_ms": {
            "mean": 36.61720794588488,
            "std": 62.040598961211025,
            "max": 166.23977661132812
        },
        "vz_sel_ms": {
            "mean": -0.2821404322447084,
            "std": 1.5620793207352621,
            "max": 10.433755874633789
        },
        "long_wind_ms": {
            "mean": 0.5760329256734642,
            "std": 15.766926527358198,
            "max": 49.44988937377923
        },
        "adep_dist_m": {
            "mean": 707193.2339440617,
            "std": 578594.5267806026,
            "max": 2813073.2712499993
        },
        "ades_dist_m": {
            "mean": 683622.6455645907,
            "std": 587835.5754823937,
            "max": 2831785.1849999903
        },
        "temp_k": {
            "mean": 235.05279950686406,
            "std": 21.996239330105404,
            "max": 293.3493450927732
        },
        "vz_ms": {
            "mean": -0.007232112472412903,
            "std": 5.7278994427378285,
            "max": 18.640213012695312
        },
        "mach": {
            "mean": 0.691861524845889,
            "std": 0.13583591388180774,
            "max": 0.8075717687606812
        },
        "gs_ms": {
            "mean": 210.1085642581587,
            "std": 38.664180735456895,
            "max": 275.7422180175781
        },
        "cas_ms": {
            "mean": 134.73208778712336,
            "std": 13.362704765365676,
            "max": 171.35543846130372
        },
        "alt_diff_sel_m": {
            "mean": 92.23588777215062,
            "std": 2224.2391114697684,
            "max": 9448.7998046875
        },
        "deriv_dist_ms": {
            "mean": 838.3196394191303,
            "std": 209.44792347862446,
            "max": 1362.799076538086
        },
        "deriv_alt_std_ms": {
            "mean": -0.08360839715091638,
            "std": 44.6463174341237,
            "max": 175.25999450683594
        },
        "deriv_gamma_rads": {
            "mean": -0.00010462048851397218,
            "std": 0.0037255751501208845,
            "max": 0.01888997295871377
        },
        "deriv_tas_ms2": {
            "mean": -0.002746373526399967,
            "std": 0.708733434616264,
            "max": 2.8681896305084162
        }
    }
}