{
    "architecture_name": "opensky_2025",
    "model_params": [
        3,
        2,
        48
    ],
    "step": 4,
    "shift": 60,
    "lr": 0.001,
    "seq_len": 60,
    "batch_size": 512,
    "stats_dict": {
        "dist_m": {
            "mean": 885724.8557573493,
            "std": 967220.6805188752,
            "max": 5115493.160000049
        },
        "alt_std_m": {
            "mean": 8963.601031013914,
            "std": 3327.1459702228026,
            "max": 11894.8203125
        },
        "gamma_rad": {
            "mean": -0.0006046217823156304,
            "std": 0.034560351520392135,
            "max": 0.1387322998046876
        },
        "tas_ms": {
            "mean": 210.14230000296288,
            "std": 36.12164924405119,
            "max": 244.75477676391603
        },
        "alt_sel_m": {
            "mean": 8888.878170213733,
            "std": 3513.8553482679727,
            "max": 11887.2001953125
        },
        "mach_sel": {
            "mean": 0.4004865635779121,
            "std": 0.3868334219185463,
            "max": 0.8039231300354004
        },
        "cas_sel_ms": {
            "mean": 33.19492344564221,
            "std": 58.952994844932284,
            "max": 165.7694854736328
        },
        "vz_sel_ms": {
            "mean": -0.26729869549832297,
            "std": 1.4646602882379396,
            "max": 10.16875171661377
        },
        "long_wind_ms": {
            "mean": 0.9818016392518719,
            "std": 15.696540328131587,
            "max": 51.65145343780519
        },
        "adep_dist_m": {
            "mean": 805856.8737529309,
            "std": 664374.9973942376,
            "max": 2937217.7487500007
        },
        "ades_dist_m": {
            "mean": 753940.4184471734,
            "std": 667531.3772891025,
            "max": 2933189.4225000003
        },
        "temp_k": {
            "mean": 233.2326756803642,
            "std": 22.15724257520246,
            "max": 293.17151657104495
        },
        "vz_ms": {
            "mean": -0.06850210667152111,
            "std": 5.932171918049437,
            "max": 20.0490665435791
        },
        "mach": {
            "mean": 0.692995909056447,
            "std": 0.13822473906941996,
            "max": 0.8088892224431038
        },
        "gs_ms": {
            "mean": 209.16049833464442,
            "std": 39.057094199456294,
            "max": 274.7133483886719
        },
        "cas_ms": {
            "mean": 131.55459384817402,
            "std": 12.807480095870467,
            "max": 170.61802162170412
        },
        "alt_diff_sel_m": {
            "mean": -74.72287677947944,
            "std": 2320.8756048632968,
            "max": 9745.98046875
        },
        "deriv_dist_ms": {
            "mean": 834.2914988065637,
            "std": 206.82046697461502,
            "max": 1354.6745526123057
        },
        "deriv_alt_std_ms": {
            "mean": -0.3482964007354606,
            "std": 45.984873873031724,
            "max": 182.8800048828125
        },
        "deriv_gamma_rads": {
            "mean": -0.000108325234828049,
            "std": 0.0037681735515104164,
            "max": 0.02002232668921352
        },
        "deriv_tas_ms2": {
            "mean": -0.005464907066119681,
            "std": 0.6526551309816216,
            "max": 2.9139671254158026
        }
    }
}