{
    "architecture_name": "qar",
    "model_params": [
        3,
        2,
        48
    ],
    "step": 4,
    "shift": 60,
    "lr": 0.001,
    "seq_len": 60,
    "batch_size": 512,
    "stats_dict": {
        "dist_m": {
            "mean": 1092627.8339017353,
            "std": 994650.3870610695,
            "max": 4308003.7225
        },
        "alt_std_m": {
            "mean": 8632.732685508086,
            "std": 3251.7360890135196,
            "max": 11889.638671875
        },
        "gamma_rad": {
            "mean": -0.00033948682974944966,
            "std": 0.03156717244055037,
            "max": 0.13972095489501962
        },
        "tas_ms": {
            "mean": 215.1533221799953,
            "std": 38.604806240049776,
            "max": 246.5242477416992
        },
        "mass_kg": {
            "mean": 63345.21854128993,
            "std": 6784.3195387059795,
            "max": 75372.29015625
        },
        "alt_sel_m": {
            "mean": 8819.698615762378,
            "std": 3360.209080053999,
            "max": 11887.2001953125
        },
        "spd_sel_ms": {
            "mean": 138.12617027112734,
            "std": 16.96075360895894,
            "max": 174.91111755371094
        },
        "vz_sel_ms": {
            "mean": -0.26607766760377594,
            "std": 1.509935993329858,
            "max": 11.379199981689453
        },
        "gear_up_bool": {
            "mean": 0.9907752688172043,
            "std": 0.09560244097973031,
            "max": 1.0
        },
        "spd_brake_on_bool": {
            "mean": 0.011268817204301075,
            "std": 0.1055558718113812,
            "max": 1.0
        },
        "ctrl_flap_lever_category": {
            "mean": 0.07110322580645162,
            "std": 0.39582086248542553,
            "max": 3.0
        },
        "head_wind_spd_ms": {
            "mean": 1.715526084230219,
            "std": 17.30954262045485,
            "max": 60.2561735534668
        },
        "cross_wind_spd_ms": {
            "mean": -0.3656591280880016,
            "std": 18.62978585212233,
            "max": 59.67091806411744
        },
        "temp_k": {
            "mean": 231.20648277479603,
            "std": 21.526141938001743,
            "max": 294.5475527954102
        },
        "vz_ms": {
            "mean": 0.732500751431743,
            "std": 0.34696010145477457,
            "max": 1.889886984229088
        },
        "mach": {
            "mean": 0.05972859468815388,
            "std": 14.994503615398665,
            "max": 19.36908721923828
        },
        "gs_ms": {
            "mean": 76.59821885599116,
            "std": 16.651935859400627,
            "max": 90.005126953125
        },
        "cas_ms": {
            "mean": 213.54596242035487,
            "std": 41.85311300801795,
            "max": 282.42999267578125
        },
        "alt_diff_sel_m": {
            "mean": 213.54596242035487,
            "std": 41.85311300801795,
            "max": 282.42999267578125
        },
        "spd_diff_sel_ms": {
            "mean": 138.57617723185632,
            "std": 15.735849797767353,
            "max": 175.17762756347656
        },
        "aoa_rad": {
            "mean": 186.96590037332842,
            "std": 1951.8494480996528,
            "max": 9313.030966796876
        },
        "pitch_rad": {
            "mean": -0.4500064796320558,
            "std": 5.767744220716246,
            "max": 39.640896625518835
        },
        "n1_rpm_pct": {
            "mean": 0.0964437640770749,
            "std": 0.038589482403364274,
            "max": 0.28131768107414246
        },
        "ff_kgs": {
            "mean": 213.54596242035487,
            "std": 41.85311300801795,
            "max": 282.42999267578125
        },
        "deriv_gamma_rads": {
            "mean": 0.732500751431743,
            "std": 0.34696010145477457,
            "max": 1.889886984229088
        },
        "deriv_tas_ms2": {
            "mean": 213.54596242035487,
            "std": 41.85311300801795,
            "max": 282.42999267578125
        }
    }
}