{
    "architecture_name": "qar",
    "model_params": [
        2,
        1,
        24
    ],
    "step": 4,
    "shift": 60,
    "lr": 0.0005,
    "seq_len": 60,
    "batch_size": 500,
    "stats_dict": {
        "dist_m": {
            "mean": 1026543.0818419047,
            "std": 938437.6977833917,
            "max": 4290239.282499999
        },
        "alt_std_m": {
            "mean": 8685.84892107223,
            "std": 3317.440188768673,
            "max": 11887.337890625
        },
        "gamma_rad": {
            "mean": -0.00020470483227030587,
            "std": 0.03212220331955637,
            "max": 0.13777320981025676
        },
        "tas_ms": {
            "mean": 215.8091906089391,
            "std": 38.617043925798875,
            "max": 248.81263748168945
        },
        "mass_kg": {
            "mean": 62407.8713859374,
            "std": 6500.625278453527,
            "max": 74411.9609375
        },
        "alt_sel_m": {
            "mean": 8906.684861594935,
            "std": 3425.3544654730217,
            "max": 11887.2001953125
        },
        "spd_sel_ms": {
            "mean": 137.1104387014318,
            "std": 16.92617134057342,
            "max": 174.91111755371094
        },
        "vz_sel_ms": {
            "mean": -0.2976588336647967,
            "std": 1.6327391072578896,
            "max": 12.354559898376465
        },
        "gear_up_bool": {
            "mean": 0.9903622307036307,
            "std": 0.09769891553231451,
            "max": 1.0
        },
        "spd_brake_on_bool": {
            "mean": 0.011518964336143382,
            "std": 0.10670750306689858,
            "max": 1.0
        },
        "ctrl_flap_lever_category": {
            "mean": 0.07033510883697522,
            "std": 0.3962606174931676,
            "max": 3.0
        },
        "head_wind_spd_ms": {
            "mean": 1.2903094891423328,
            "std": 14.823043681140906,
            "max": 49.3101467514038
        },
        "cross_wind_spd_ms": {
            "mean": -0.49408984762370367,
            "std": 18.805984578786568,
            "max": 56.14408147811885
        },
        "temp_k": {
            "mean": 234.10095602276712,
            "std": 23.392081849267843,
            "max": 299.30146926879877
        },
        "vz_ms": {
            "mean": 0.05638350626724314,
            "std": 7.1343168825800625,
            "max": 19.35003662109375
        },
        "mach": {
            "mean": 0.7108734974502197,
            "std": 0.14573902662995775,
            "max": 0.8077671527862549
        },
        "gs_ms": {
            "mean": 214.64149690771245,
            "std": 41.054824402454884,
            "max": 275.227783203125
        },
        "cas_ms": {
            "mean": 137.59312961912568,
            "std": 15.674520912660888,
            "max": 175.1683349609375
        },
        "alt_diff_sel_m": {
            "mean": 220.83592118444304,
            "std": 2042.1374074722253,
            "max": 9762.098749999997
        },
        "spd_diff_sel_ms": {
            "mean": -0.4780779337603016,
            "std": 6.338548973429875,
            "max": 41.91868209838867
        },
        "aoa_rad": {
            "mean": 0.09512112128028678,
            "std": 0.038714476165740516,
            "max": 0.2822524607181549
        },
        "pitch_rad": {
            "mean": 0.03655693831676244,
            "std": 0.03949581522606663,
            "max": 0.24745027720928192
        },
        "n1_rpm_pct": {
            "mean": 76.87004694974534,
            "std": 17.039239770640002,
            "max": 90.125
        },
        "ff_kgs": {
            "mean": 0.7304659394526344,
            "std": 0.354504283393274,
            "max": 1.888906478881836
        },
        "deriv_dist_ms": {
            "mean": 214.64278228677315,
            "std": 41.10422715619303,
            "max": 275.3819274902344
        },
        "deriv_alt_std_ms": {
            "mean": 0.12447895606884707,
            "std": 38.770498606886015,
            "max": 19.507200241088867
        },
        "deriv_gamma_rads": {
            "mean": 2.4581367101337764e-06,
            "std": 0.0032426214180216063,
            "max": 0.006986802443861961
        },
        "deriv_tas_ms2": {
            "mean": 5.282841924549589e-05,
            "std": 0.2824190652849303,
            "max": 1.1698693168163297
        },
        "deriv_mass_kgs": {
            "mean": -0.7304659394526344,
            "std": 0.354504283393274,
            "max": 1.888906478881836
        }
    }
}