{
    "architecture_name": "qar",
    "model_params": [
        3,
        2,
        48
    ],
    "step": 4,
    "shift": 60,
    "lr": 0.001,
    "seq_len": 60,
    "batch_size": 1000,
    "stats_dict": {
        "dist_m": {
            "mean": 1093711.9009006615,
            "std": 992806.0593844309,
            "max": 4303714.524999999
        },
        "alt_std_m": {
            "mean": 8734.844723639284,
            "std": 3268.045932939517,
            "max": 11889.638671875
        },
        "gamma_rad": {
            "mean": -0.0003222526131427373,
            "std": 0.031652675437941556,
            "max": 0.13945585973560803
        },
        "tas_ms": {
            "mean": 215.1057194455049,
            "std": 37.99911928094079,
            "max": 246.1487367248535
        },
        "mass_kg": {
            "mean": 62954.65872696827,
            "std": 6477.408459856305,
            "max": 75043.18046874998
        },
        "alt_sel_m": {
            "mean": 8922.739141035841,
            "std": 3382.3288938140186,
            "max": 11887.2001953125
        },
        "spd_sel_ms": {
            "mean": 137.3953062167824,
            "std": 16.639687600674982,
            "max": 174.91111755371094
        },
        "vz_sel_ms": {
            "mean": -0.2650826965033833,
            "std": 1.5102635493670182,
            "max": 11.379199981689453
        },
        "gear_up_bool": {
            "mean": 0.9908866021243401,
            "std": 0.09502912138951168,
            "max": 1.0
        },
        "spd_brake_on_bool": {
            "mean": 0.010972195507683101,
            "std": 0.10417300407702769,
            "max": 1.0
        },
        "ctrl_flap_lever_category": {
            "mean": 0.06983073668013079,
            "std": 0.39397344057345934,
            "max": 3.0
        },
        "head_wind_spd_ms": {
            "mean": 1.4160941121771269,
            "std": 16.399089894522223,
            "max": 55.259055461883484
        },
        "cross_wind_spd_ms": {
            "mean": -0.34330421398403815,
            "std": 19.183575064999236,
            "max": 60.05126310348506
        },
        "temp_k": {
            "mean": 230.4174835653962,
            "std": 22.101684004391856,
            "max": 295.3433891296386
        },
        "vz_ms": {
            "mean": 0.0535143573767892,
            "std": 6.302901787437275,
            "max": 19.37107276916504
        },
        "mach": {
            "mean": 0.7137707155262905,
            "std": 0.14383359537570284,
            "max": 0.8078493475914001
        },
        "gs_ms": {
            "mean": 213.84651611402558,
            "std": 41.06128051190874,
            "max": 279.34332275390625
        },
        "cas_ms": {
            "mean": 137.85135193267922,
            "std": 15.391010077424083,
            "max": 175.12261962890625
        },
        "alt_diff_sel_m": {
            "mean": 187.89439875766962,
            "std": 1969.7200576283385,
            "max": 9457.9775390625
        },
        "spd_diff_sel_ms": {
            "mean": -0.45604528121463833,
            "std": 5.742607298289686,
            "max": 39.7415885925293
        },
        "aoa_rad": {
            "mean": 0.09597301156878096,
            "std": 0.03764746977796346,
            "max": 0.2803829312324524
        },
        "pitch_rad": {
            "mean": 0.03694031074125729,
            "std": 0.037247612754061396,
            "max": 0.2454369217157364
        },
        "n1_rpm_pct": {
            "mean": 76.62075241065061,
            "std": 16.60595119702621,
            "max": 90.0625
        },
        "ff_kgs": {
            "mean": 0.7250346601805544,
            "std": 0.3448327773661062,
            "max": 1.8862894046306595
        },
        "deriv_dist_ms": {
            "mean": 213.84607217683975,
            "std": 41.06230641156887,
            "max": 279.4873352050781
        },
        "deriv_alt_std_ms": {
            "mean": 0.061970028732772235,
            "std": 15.673711407476953,
            "max": 19.507200241088867
        },
        "deriv_gamma_rads": {
            "mean": -5.946391102636598e-06,
            "std": 0.0012875716328615257,
            "max": 0.006477472838014364
        },
        "deriv_tas_ms2": {
            "mean": -2.980475305731038e-05,
            "std": 0.2611616936315089,
            "max": 1.127502197027205
        },
        "deriv_mass_kgs": {
            "mean": -0.7250346601805544,
            "std": 0.3448327773661062,
            "max": 1.8862894046306595
        }
    }
}