epoch,train_loss,val_loss
1,7988489.614572798,31.338314056396484
2,32.51716940743582,31.338314056396484
3,32.431637627737864,31.338314056396484
4,32.405015672956196,31.338314056396484
5,32.58149283272879,31.338314056396484
