epoch,train_loss,val_loss
1,1.0801136568188667,0.5611972808837891
2,0.5659870058298111,0.3800193518400192
3,0.4381552627310157,0.2861286699771881
4,0.37512648198753595,0.2370823621749878
5,0.35155458748340607,0.21019335091114044
6,0.3345058993436396,0.20035645365715027
7,0.32572351349517703,0.19190040975809097
8,0.31708167353644967,0.1868998184800148
9,0.31308038299903274,0.17981944233179092
10,0.31876401882618666,0.1742066815495491
