{
    "architecture_name": "opensky_2025",
    "model_params": [
        3,
        2,
        48
    ],
    "step": 4,
    "shift": 60,
    "lr": 0.001,
    "seq_len": 60,
    "batch_size": 512,
    "stats_dict": {
        "dist_m": {
            "mean": 1065814.6650900769,
            "std": 1331915.1305919772,
            "max": 5187787.914999972
        },
        "alt_std_m": {
            "mean": 9419.260806667926,
            "std": 3552.7884680087705,
            "max": 13106.400390625
        },
        "gamma_rad": {
            "mean": -0.00040127332366812274,
            "std": 0.028529366558491604,
            "max": 0.11929525107145271
        },
        "tas_ms": {
            "mean": 227.07512526940556,
            "std": 42.7455707695762,
            "max": 263.5176676940918
        },
        "alt_sel_m": {
            "mean": 9719.055060833887,
            "std": 3487.4105700132873,
            "max": 13106.400390625
        },
        "mach_sel": {
            "mean": 0.457694427809526,
            "std": 0.4210872140404817,
            "max": 0.8617614507675171
        },
        "cas_sel_ms": {
            "mean": 31.79447721020914,
            "std": 59.6757009262625,
            "max": 164.98306274414062
        },
        "vz_sel_ms": {
            "mean": -0.2902478813027305,
            "std": 1.4820132067773468,
            "max": 10.002861976623535
        },
        "long_wind_ms": {
            "mean": 0.2541808500130064,
            "std": 22.3942509706421,
            "max": 84.14403312683103
        },
        "adep_dist_m": {
            "mean": 3010687.7255456005,
            "std": 3262481.6356869116,
            "max": 10776737.964999992
        },
        "ades_dist_m": {
            "mean": 2598762.339053337,
            "std": 3122093.765719905,
            "max": 10626293.169999996
        },
        "temp_k": {
            "mean": 234.38359002228378,
            "std": 23.43971794237571,
            "max": 296.2301866149902
        },
        "vz_ms": {
            "mean": -0.009807618477998705,
            "std": 5.095920381492595,
            "max": 17.556480407714844
        },
        "mach": {
            "mean": 0.7480718691984608,
            "std": 0.16208007985216588,
            "max": 0.870195195376873
        },
        "gs_ms": {
            "mean": 226.82094442009696,
            "std": 47.53818220169972,
            "max": 317.9266662597656
        },
        "cas_ms": {
            "mean": 137.66434945894164,
            "std": 14.868468393950385,
            "max": 168.71906097412108
        },
        "alt_diff_sel_m": {
            "mean": 299.79424377538544,
            "std": 2562.793523538096,
            "max": 10675.6201171875
        },
        "deriv_dist_ms": {
            "mean": 904.6234290531505,
            "std": 243.73666184934245,
            "max": 1537.7492230224561
        },
        "deriv_alt_std_ms": {
            "mean": -0.108622328639515,
            "std": 53.18785458480237,
            "max": 182.8800048828125
        },
        "deriv_gamma_rads": {
            "mean": -7.54199234764896e-05,
            "std": 0.003575092797605965,
            "max": 0.019935257770121093
        },
        "deriv_tas_ms2": {
            "mean": 0.0015178929540215103,
            "std": 0.6600328083962659,
            "max": 2.9218999493122015
        }
    }
}