{
    "architecture_name": "opensky_2025",
    "model_params": [
        3,
        2,
        48
    ],
    "step": 4,
    "shift": 60,
    "lr": 0.001,
    "seq_len": 60,
    "batch_size": 512,
    "stats_dict": {
        "dist_m": {
            "mean": 866777.2093991505,
            "std": 868854.8949719269,
            "max": 5173389.250000005
        },
        "alt_std_m": {
            "mean": 9195.641591770867,
            "std": 3307.145482343366,
            "max": 12496.7998046875
        },
        "gamma_rad": {
            "mean": 0.0013359326486133702,
            "std": 0.02713626208909436,
            "max": 0.1108821385726333
        },
        "tas_ms": {
            "mean": 221.6342047930295,
            "std": 37.67899158640399,
            "max": 253.52713539123536
        },
        "alt_sel_m": {
            "mean": 9367.719232675345,
            "std": 3259.650397987835,
            "max": 12496.7998046875
        },
        "mach_sel": {
            "mean": 0.473597033159694,
            "std": 0.39955072385120055,
            "max": 0.8361852169036865
        },
        "cas_sel_ms": {
            "mean": 30.628832944277796,
            "std": 59.10467997472546,
            "max": 164.0167999267578
        },
        "vz_sel_ms": {
            "mean": -0.2056975023935809,
            "std": 1.5379242053828062,
            "max": 9.320672988891602
        },
        "long_wind_ms": {
            "mean": 2.0983049673482923,
            "std": 19.771979248629012,
            "max": 75.92870651245117
        },
        "adep_dist_m": {
            "mean": 2138828.917936663,
            "std": 2467391.6962513984,
            "max": 8237918.260000001
        },
        "ades_dist_m": {
            "mean": 2556419.4361282066,
            "std": 2630130.2084125704,
            "max": 8224098.03
        },
        "temp_k": {
            "mean": 233.71668890579602,
            "std": 21.819481278217463,
            "max": 294.3134770202637
        },
        "vz_ms": {
            "mean": 0.2924067905295286,
            "std": 4.787459177518686,
            "max": 16.797866821289062
        },
        "mach": {
            "mean": 0.7299229542695899,
            "std": 0.1434432021518258,
            "max": 0.8430999621748925
        },
        "gs_ms": {
            "mean": 219.53589984120725,
            "std": 41.58127530311618,
            "max": 294.77667236328125
        },
        "cas_ms": {
            "mean": 136.96213945119118,
            "std": 13.548319982747945,
            "max": 165.23672760009765
        },
        "alt_diff_sel_m": {
            "mean": 172.0776346777649,
            "std": 2409.1825430228246,
            "max": 9753.599609375
        },
        "deriv_dist_ms": {
            "mean": 875.4340875348743,
            "std": 221.786816887187,
            "max": 1448.8673468017578
        },
        "deriv_alt_std_ms": {
            "mean": 1.1270428325911312,
            "std": 36.44376667146731,
            "max": 160.02000427246094
        },
        "deriv_gamma_rads": {
            "mean": -6.97432370790779e-05,
            "std": 0.0033114049735964925,
            "max": 0.018452043896541
        },
        "deriv_tas_ms2": {
            "mean": 0.016246488442428566,
            "std": 0.6328967867817555,
            "max": 2.5642481231689453
        }
    }
}