{
    "architecture_name": "qar",
    "model_params": [
        2,
        1,
        24
    ],
    "step": 4,
    "shift": 60,
    "lr": 0.0001,
    "seq_len": 60,
    "batch_size": 1000,
    "stats_dict": {
        "dist_m": {
            "mean": 1058984.196102634,
            "std": 967966.1415669443,
            "max": 4295880.5024999995
        },
        "alt_std_m": {
            "mean": 8707.639925168047,
            "std": 3278.5529861197915,
            "max": 11888.4189453125
        },
        "gamma_rad": {
            "mean": -0.00026750775849778536,
            "std": 0.03185334403267862,
            "max": 0.1385646954178809
        },
        "tas_ms": {
            "mean": 215.1490565391932,
            "std": 38.04716634612151,
            "max": 246.70133979797362
        },
        "mass_kg": {
            "mean": 62926.73657059195,
            "std": 6415.401432473387,
            "max": 74819.2348046875
        },
        "alt_sel_m": {
            "mean": 8906.85603824183,
            "std": 3394.063865552492,
            "max": 11887.2001953125
        },
        "spd_sel_ms": {
            "mean": 137.39086740441132,
            "std": 16.721239356393973,
            "max": 174.91111755371094
        },
        "vz_sel_ms": {
            "mean": -0.2861847593785583,
            "std": 1.5929382398881542,
            "max": 11.704319953918457
        },
        "gear_up_bool": {
            "mean": 0.9906418253447143,
            "std": 0.0962849510116135,
            "max": 1.0
        },
        "spd_brake_on_bool": {
            "mean": 0.011202123002845262,
            "std": 0.10524659583694883,
            "max": 1.0
        },
        "ctrl_flap_lever_category": {
            "mean": 0.06925722258699935,
            "std": 0.3916539651745796,
            "max": 3.0
        },
        "head_wind_spd_ms": {
            "mean": 1.6994891405289925,
            "std": 16.359720122304704,
            "max": 52.94723865509025
        },
        "cross_wind_spd_ms": {
            "mean": -0.49722675515274245,
            "std": 19.84514884841919,
            "max": 59.979135475158564
        },
        "temp_k": {
            "mean": 231.20883690470652,
            "std": 22.430894205522343,
            "max": 296.0657664489746
        },
        "vz_ms": {
            "mean": 0.055890795444833295,
            "std": 6.295265628907076,
            "max": 19.349044799804688
        },
        "mach": {
            "mean": 0.712832875931185,
            "std": 0.14415946191651535,
            "max": 0.807793438732624
        },
        "gs_ms": {
            "mean": 213.65931447743483,
            "std": 41.01838646179959,
            "max": 277.2855529785156
        },
        "cas_ms": {
            "mean": 137.89506282840733,
            "std": 15.379160820652215,
            "max": 175.17762756347656
        },
        "alt_diff_sel_m": {
            "mean": 199.216096695362,
            "std": 1990.625035631244,
            "max": 9525.171992187497
        },
        "spd_diff_sel_ms": {
            "mean": -0.5041950262597702,
            "std": 5.927736374460745,
            "max": 40.84407424926758
        },
        "aoa_rad": {
            "mean": 0.09566975726240377,
            "std": 0.03799542634604643,
            "max": 0.28131768107414246
        },
        "pitch_rad": {
            "mean": 0.036835681211329296,
            "std": 0.03777797069926906,
            "max": 0.2454369217157364
        },
        "n1_rpm_pct": {
            "mean": 76.64758958914422,
            "std": 16.7523718135618,
            "max": 90.0625
        },
        "ff_kgs": {
            "mean": 0.7279815779207336,
            "std": 0.34895101548179713,
            "max": 1.8894106036424612
        },
        "deriv_dist_ms": {
            "mean": 213.65895357467383,
            "std": 41.019191674061766,
            "max": 277.2855529785156
        },
        "deriv_alt_std_ms": {
            "mean": 0.06365260203924718,
            "std": 16.05299955815023,
            "max": 19.507200241088867
        },
        "deriv_gamma_rads": {
            "mean": -6.162611592816214e-06,
            "std": 0.0013068230506473105,
            "max": 0.006645251996815205
        },
        "deriv_tas_ms2": {
            "mean": 0.00020882409582561744,
            "std": 0.26663984825119724,
            "max": 1.169494057297706
        },
        "deriv_mass_kgs": {
            "mean": -0.7279815779207336,
            "std": 0.34895101548179713,
            "max": 1.8894106036424612
        }
    }
}