{
    "architecture_name": "opensky_2025",
    "model_params": [
        3,
        2,
        48
    ],
    "step": 4,
    "shift": 60,
    "lr": 0.001,
    "seq_len": 60,
    "batch_size": 512,
    "stats_dict": {
        "dist_m": {
            "mean": 229414.31909182723,
            "std": 326920.75604912045,
            "max": 1596174.7837500004
        },
        "alt_std_m": {
            "mean": 3974.0229832238374,
            "std": 1378.9719098402543,
            "max": 7010.39990234375
        },
        "gamma_rad": {
            "mean": 0.001258537586160337,
            "std": 0.03242371335037006,
            "max": 0.09662373561412096
        },
        "tas_ms": {
            "mean": 127.17304207840107,
            "std": 17.090542189753826,
            "max": 155.09010543823243
        },
        "alt_sel_m": {
            "mean": 4145.238026474789,
            "std": 1504.6630875030296,
            "max": 7315.2001953125
        },
        "mach_sel": {
            "mean": 0.012059967649100813,
            "std": 0.07196295835619519,
            "max": 0.45589399337768555
        },
        "cas_sel_ms": {
            "mean": 77.89342057034291,
            "std": 46.23238275663947,
            "max": 122.95265197753906
        },
        "vz_sel_ms": {
            "mean": -0.10465978828868382,
            "std": 1.4911897562782706,
            "max": 7.601382732391357
        },
        "long_wind_ms": {
            "mean": 0.7471810069400114,
            "std": 10.781315059810979,
            "max": 32.0975792503357
        },
        "adep_dist_m": {
            "mean": 195163.19436159488,
            "std": 147244.23150828225,
            "max": 755886.4368750002
        },
        "ades_dist_m": {
            "mean": 197582.75711345804,
            "std": 147664.43855266878,
            "max": 788882.5350000004
        },
        "temp_k": {
            "mean": 265.2459619204871,
            "std": 10.70711203004039,
            "max": 292.0365711975098
        },
        "vz_ms": {
            "mean": -0.13969818010788954,
            "std": 3.6806977709348243,
            "max": 10.078720092773438
        },
        "mach": {
            "mean": 0.3902754817308928,
            "std": 0.05623007443957894,
            "max": 0.4830813133716583
        },
        "gs_ms": {
            "mean": 126.42586105512399,
            "std": 19.996902314864073,
            "max": 169.39920043945312
        },
        "cas_ms": {
            "mean": 103.94268204188529,
            "std": 12.252057643945703,
            "max": 124.71975326538086
        },
        "alt_diff_sel_m": {
            "mean": 171.2150395442088,
            "std": 1172.714677318232,
            "max": 4773.93017578125
        },
        "deriv_dist_ms": {
            "mean": 504.40694521320637,
            "std": 113.13045262271896,
            "max": 816.1576684570313
        },
        "deriv_alt_std_ms": {
            "mean": -0.5939167920593766,
            "std": 25.6925707886511,
            "max": 106.68000030517578
        },
        "deriv_gamma_rads": {
            "mean": -0.00017169485741860344,
            "std": 0.0038918411908814027,
            "max": 0.020311369327828302
        },
        "deriv_tas_ms2": {
            "mean": 0.017963023977001176,
            "std": 0.5326631923250592,
            "max": 2.2964067602157594
        }
    }
}